"","siteID","detected","tree.height","prop.mush","temp.C","forest.type"
"1",1,0,0.906919078569497,-0.91427301123584,0.238367617845328,"Pine"
"2",2,0,-0.614683514257608,0.281978384550877,1.04207777644854,"pine"
"3",3,1,-1.82639196647539,-0.815614313071579,-1.23916523329015,"pine"
"4",4,1,0.362913802191584,0.650410266998757,-0.913599396164137,"Pine"
"5",5,1,-2.39435435683805,0.223282717850351,-0.0354428613240347,"oak"
"6",6,1,0.892287441718198,0.814808205129587,-0.514672769404856,"pine"
"7",7,1,-0.303348393251628,0.611739516479616,-1.08580318018623,"oak"
"8",8,0,-0.152657182892791,0.0424617207017562,0.627589271231025,"mixed"
"9",9,1,0.102216409478894,-0.181135277150929,0.0298645029744466,"oak"
"10",10,0,-1.212299191679,-0.635008030497682,0.643838610264496,"oak"
"11",11,0,0.798936363308982,-0.565113825253287,0.515832107431767,"mixed"
"12",12,1,0.552889510062647,0.363109733080127,-2.12597897856024,"oak"
"13",13,0,-0.619044279101469,-2.1567228006563,1.24561329601027,"mixed"
"14",14,1,-0.883115542231919,0.146824595370144,-0.0535335233153592,"pine"
"15",15,0,0.439414246394963,-0.530384338981558,-0.444761486448418,"oka"
"16",16,0,1.2440797653722,0.13284613876415,0.47549714666219,"mixed"
"17",17,1,0.892969533128757,-0.0202479062598948,-1.21563764392929,"pine"
"18",18,0,1.56396877427839,-0.485944549170685,-0.69213451334935,"oak"
"19",19,1,1.00979080667306,2.23820964983171,-1.3580902766681,"pine"
"20",20,1,-0.276375216220505,0.346410325507875,0.263107206041819,"oak"
"21",21,0,0.0764702677063028,-0.805459884655945,1.44227210561369,"pine"
"22",22,1,-0.850046572380569,0.33342394503763,-0.41215917951115,"oak"
"23",23,1,-1.31041394706309,0.328109270752074,-0.875350322580034,"pine"
"24",24,0,-1.6861431155369,0.659766836575145,0.923736969396721,"pine"
"25",25,0,0.754475696341437,0.198929041667132,0.514847581827106,"oak"
"26",26,1,-0.354417291711135,3.16712430521699,0.0855877962478037,"pine"
"27",27,0,-0.462081252078652,-0.255839536867066,1.45105745155117,"oak"
"28",28,0,1.89972607551233,-0.382196044386822,0.643985869850853,"pine"
"29",29,0,0.186936812339482,-1.23659554319222,1.35005775379134,"mixed"
"30",30,1,0.930519775374164,-1.43943412683042,-1.80725753246694,"oak"
"31",31,1,-0.164512573741361,-1.62818026463183,-0.697513792067709,"pine"
"32",32,1,0.140481161329291,0.297468079971962,-0.510818933727273,"mixed"
"33",33,1,-0.996142540253373,-0.104482024279625,0.0956101099366119,"pine"
"34",34,0,0.680881356179494,1.57439386304535,1.81421322734368,"pine"
"35",35,1,0.719013593716671,1.3105872457224,-1.14275183197841,"mixed"
"36",36,0,0.567378597764781,-0.873947560638686,0.229005449149528,"mixed"
"37",37,1,-0.295813427287153,2.38725960132131,-1.08961015229291,"mixed"
"38",38,1,1.67793936309959,1.21793915383133,-0.0602870630906218,"mixed"
"39",39,1,0.52952275861175,1.17457395497569,-0.648005331653905,"mixed"
"40",40,0,0.898592018063094,0.24977129070616,0.118980603231855,"pine"
"41",41,0,1.16404430471283,-1.51848978917803,0.206942779587178,"pine"
"42",42,1,-0.697424414719205,1.43174178723407,-0.402265008772282,"mixed"
"43",43,0,-0.636777947708012,-0.145130592745921,0.101239862448979,"pine"
"44",44,0,1.16426817294083,1.53784564660736,0.29575869795909,"oak"
"45",45,1,-1.27146664340325,-0.828022417559482,-0.553787372634916,"pine"
"46",46,0,-1.01775513741558,-0.138749850237551,-0.112649552858027,"mixed"
"47",47,1,-0.341294566785394,0.255631059935395,-0.0105654285173332,"oak"
"48",48,0,-0.01217949042536,1.11807958902515,1.5453412979649,"pine"
"49",49,1,-0.32726725586539,0.860101010273565,-0.444559693472136,"oak"
"50",50,1,-0.402342739504115,-0.120311029355312,-0.575108875831133,"pine"
"51",51,1,0.998804664504094,-0.0624333512848013,-1.22379540876531,"pine"
"52",52,1,1.08264643378134,1.18367106152716,-1.87318635290698,"oka"
"53",53,1,0.605519594167979,-0.486646803257538,0.000308147113795439,"oak"
"54",54,1,-0.858646868870641,0.821743343325796,-0.133225879646155,"pine"
"55",55,1,-0.00471031035887527,0.494814340749058,-0.243126044104056,"oak"
"56",56,1,-0.553159421289825,2.74674572483792,-0.329645082844839,"oak"
"57",57,1,-1.38293209888913,1.39414828227146,-2.58750982379494,"oka"
"58",58,0,0.217713251918567,-1.25142353249513,-0.0116989914636324,"pine"
"59",59,1,0.387940311793133,0.362487076740388,-0.483178842571953,"pine"
"60",60,1,1.43835406748398,1.1059305021834,-0.136021273234692,"oka"
"61",61,1,1.19561765528316,-1.72365998489578,-0.0401421344893353,"oak"
"62",62,1,1.57319523014956,1.93895690481846,0.32159476643053,"mixed"
"63",63,0,0.407813392412291,0.130309362057703,1.45158385678411,"oak"
"64",64,0,0.399371851900515,-0.514753130683329,0.112319373278108,"oak"
"65",65,1,0.173912950041685,0.042118110242615,-0.395303173226046,"mixed"
"66",66,0,-0.790953041374182,-1.31233749394213,0.923337959292533,"mixed"
"67",67,1,-0.939701405539771,0.0260227988178867,-1.47311612369229,"oka"
"68",68,1,1.22386499072327,1.71382762063936,-0.0718490791721143,"mixed"
"69",69,0,0.360022982801441,0.375511482704738,1.00630819458393,"oak"
"70",70,1,0.239596719051183,-0.858182027704621,-0.563743568892965,"mixed"
"71",71,0,0.994935909645326,-0.174166690180662,0.883659873123598,"oak"
"72",72,1,0.554296649113183,1.55603924336319,0.795457065493341,"oak"
"73",73,0,0.207400536820251,1.17316887173473,0.695104177327293,"mixed"
"74",74,1,1.11836418235995,1.73357077837237,0.210422750056392,"pine"
"75",75,1,-0.186627345348491,0.916517399692342,-1.06483343879023,"pine"
"76",76,0,0.807079432288837,-0.331645695045852,0.306479812310556,"oak"
"77",77,1,-1.3820954090472,-0.221863980318354,-2.24574696575328,"mixed"
"78",78,0,0.523332017612663,-1.19961475884688,0.6004589618385,"pine"
"79",79,1,-1.50238203642561,-0.860993279626458,-0.578087210592391,"pine"
"80",80,1,-0.674383086543818,-1.05436527139417,-1.22489194156701,"mixed"
"81",81,1,0.0747981339478692,0.182173099117108,0.322546871514162,"oak"
"82",82,1,-0.339504641990857,-0.183195614838601,-0.607660647751562,"oak"
"83",83,1,0.03689016983821,-0.0693105029286398,0.0455498338736778,"mixed"
"84",84,0,1.67484349778841,0.0430154667796673,0.912338589536444,"pine"
"85",85,0,0.378332589455369,-2.08749705210039,0.742554318699896,"oak"
"86",86,0,-0.644142449166223,-1.36059491175472,-0.475569061277033,"pine"
"87",87,0,0.699339821717919,-1.24649535360384,0.972180235225947,"mixed"
"88",88,0,-1.0910526321077,-1.47253737129556,-0.551686047708872,"oak"
"89",89,1,-0.221705037422326,1.06734048546921,0.475707388613794,"oak"
"90",90,1,0.574191738735081,-1.79379117578676,-2.26562520111399,"oak"
"91",91,1,-0.533456145672857,0.534446874310161,-1.82185754337477,"mixed"
"92",92,1,-0.578364286880947,-1.63993175509976,-1.51406751093619,"mixed"
"93",93,1,0.0257099065148024,0.0147358530934191,-0.358016361669211,"oak"
"94",94,0,-0.647727240945506,0.350547466717479,1.20557846144096,"oak"
"95",95,0,-0.351871149897859,-1.7371571684533,0.552383231110181,"oak"
"96",96,0,0.911414469719982,-1.97410301979966,-0.300747533942173,"oak"
"97",97,1,-1.66017346859707,-0.0535530904484892,-1.37395675539121,"mixed"
"98",98,0,-0.774942686549588,-0.0259327163814917,2.03113314650153,"oak"
"99",99,0,3.02671927092724,0.163010840395465,2.46111625530024,"oak"
"100",100,1,-0.701217499884846,1.13674890289287,-1.43843223963916,"mixed"
"101",101,0,-0.781353175552089,-1.71774696495293,0.484136210346665,"oak"
"102",102,0,0.946067127897536,-1.25100722310522,0.469188646618969,"pine"
"103",103,1,0.336837029880488,0.36277902091809,-1.03937737061582,"pine"
"104",104,1,-1.638979632825,-0.0202355420500284,0.398438703981199,"oak"
"105",105,1,-0.606848851250512,1.14281151130421,-0.875808290763623,"mixed"
"106",106,1,-2.76419309880623,1.27364507956172,0.663216625997425,"mixed"
"107",107,1,0.457630261657665,1.0449136876468,1.04535825089022,"pine"
"108",108,1,0.513699940736187,0.0177490709340046,-0.89205987891871,"mixed"
"109",109,1,-0.323679690659433,-0.599567444315143,1.11474387844628,"pine"
"110",110,1,-1.03543016313783,-0.112619346078446,-2.05308029628868,"oak"
"111",111,1,-1.01641755640728,-0.0896464877394857,0.528577063864963,"mixed"
"112",112,1,0.139085034595027,0.577275896702183,-0.393770558499209,"pine"
"113",113,1,-0.981639841439166,0.396757445020368,0.323590081413233,"Pine"
"114",114,0,0.411691488921158,0.128140812976949,0.698077994665667,"mixed"
"115",115,1,0.218262913990812,2.37770037582002,0.316748689252483,"oak"
"116",116,0,-0.926734134693593,-0.719980987499861,-0.110272299372727,"Pine"
"117",117,0,-0.393748352120012,-0.534772376901862,0.0146645669959106,"mixed"
"118",118,1,-0.480533268761177,-0.0294256365966801,0.142424128081112,"oka"
"119",119,0,-0.0437212664624922,-0.496671444782383,0.873319171292023,"pine"
"120",120,0,0.855979501814772,-1.46937517982013,2.20848832944849,"mixed"
"121",121,1,-1.38223761651045,0.599085484229258,-0.613785376113353,"mixed"
"122",122,1,-0.39901020382779,-1.4610053159653,0.378944766876135,"mixed"
"123",123,1,0.667960170257577,0.945401483850038,-0.345704805070046,"mixed"
"124",124,1,1.777926164443,-0.434240020325252,-0.22453369823773,"pine"
"125",125,0,0.348980181515378,0.459710761525449,1.66815044689874,"oak"
"126",126,1,-1.03183267601812,0.652964449888507,-1.65011705970522,"pine"
"127",127,0,-0.948198762743599,0.914606916179632,2.17960881149397,"oak"
"128",128,1,1.28607030255285,0.339958217596977,0.0522129192142469,"mixed"
"129",129,0,2.40203243670126,0.290231138941453,1.31303007988208,"pine"
"130",130,0,-1.21635361168383,-0.261843461255939,-0.239944664681151,"Pine"
"131",131,0,-0.638636856744902,-0.619860423928754,0.412580959623549,"mixed"
"132",132,0,-0.643616151306318,-0.259718920378854,0.717893211303495,"oak"
"133",133,1,-2.1838385472171,0.425594290108595,0.797461945576745,"pine"
"134",134,1,1.250474752182,1.09545399751615,-3.91436753658476,"oak"
"135",135,1,0.899980923104127,-0.973728582677495,-0.569719538977515,"pine"
"136",136,1,-1.23993702756581,0.172803511994673,-1.07490424013239,"pine"
"137",137,1,0.216733349231503,0.815281159973741,0.606493328226572,"pine"
"138",138,0,0.416582655992916,0.842207337936528,1.06905553849316,"pine"
"139",139,0,0.19948095493233,-0.795996694463809,0.526771040035477,"mixed"
"140",140,0,-0.852749695514648,0.521260652071601,2.82139724711702,"pine"
"141",141,1,-0.896807227811116,0.650083943142115,1.07949695115047,"oka"
"142",142,0,-0.190999576040365,1.05358584500276,1.34096980058389,"pine"
"143",143,1,-0.713431239733153,0.52132024109405,0.373380845024449,"mixed"
"144",144,1,-0.942393884853972,0.117798386149383,0.573657274704736,"mixed"
"145",145,1,0.83216199535494,1.3390190634072,-0.403236081713666,"mixed"
"146",146,0,0.717187146821558,0.29284153299168,-0.543261513634441,"oka"
"147",147,1,0.859686531791443,0.289184780322669,-1.49501161330491,"oka"
"148",148,1,-0.627624794304335,1.81157865381177,0.414923025088097,"mixed"
"149",149,1,0.636186670289242,-0.678629047165832,0.154896992427525,"oak"
"150",150,1,1.3810208212145,0.505966173009926,-0.162958591636614,"mixed"
"151",151,1,0.956691228064501,1.26142977371984,0.208005928265308,"oak"
"152",152,1,0.162143517859635,0.137886928652474,-0.134366057336624,"oak"
"153",153,1,2.33465900389281,0.14343160162851,-0.111574294286758,"mixed"
"154",154,0,0.543198205759553,-0.301569874652245,-0.517202255757073,"pine"
"155",155,0,0.778652256162349,0.389086604976711,0.455511972768795,"Pine"
"156",156,1,0.335138698136185,3.83855115138751,0.713679058641641,"mixed"
"157",157,1,-2.0130267206146,-0.257688843993135,-1.43783369264846,"pine"
"158",158,0,-0.778413485870509,-0.0103902383342266,0.0550864237496566,"pine"
"159",159,1,0.379427544252109,0.490458254786058,-1.31915620555115,"pine"
"160",160,1,1.52844726205369,1.38836528874392,0.347587198026686,"oak"
"161",161,1,-0.110563406153405,1.64978064783812,0.271378352964477,"mixed"
"162",162,0,-1.56475146416949,-0.718767000070345,1.43815944494258,"oak"
"163",163,0,-0.494926063810041,0.927621137755489,1.07878788484551,"mixed"
"164",164,1,0.715384618865349,1.35301815569801,0.196504751641755,"oak"
"165",165,1,-0.57070331456916,-0.5949700731441,0.0413130411379647,"oak"
"166",166,0,0.963009064706175,0.78074921358681,1.93262777742617,"pine"
"167",167,0,0.485088785946614,-0.530078523379293,1.3916893113292,"mixed"
"168",168,0,-1.18549391407716,0.113005872083949,1.39758700365821,"oak"
"169",169,0,0.92201492653885,-0.0649474051169972,0.195785519002096,"pine"
"170",170,0,0.291629618437291,-0.210330162042606,-0.309218675119329,"mixed"
"171",171,0,-0.345452003621888,0.510304103009436,1.9182416155545,"oak"
"172",172,1,-1.31952948947765,0.356798921249481,0.165151451792291,"oak"
"173",173,1,-0.520033717367944,0.80401135211888,-0.450316269912282,"oak"
"174",174,1,1.19392740016832,-0.50413550822974,-0.707130486694906,"oak"
"175",175,0,1.17064630889786,-0.745189154955123,-0.0115380897043183,"pine"
"176",176,0,-0.691099571494952,-0.238370097000911,0.532983772560441,"pine"
"177",177,1,-1.03806948428153,-0.621212424646055,-0.56699330505492,"oak"
"178",178,1,-1.3366934435487,0.316674032229948,1.13210004981632,"oak"
"179",179,0,-0.548241994641771,-0.370054693345666,1.16809351076708,"oak"
"180",180,1,-0.355576079193348,0.0707152587113707,-2.59269628079629,"mixed"
"181",181,1,-0.251894254201172,1.02609629932108,-0.529271534901991,"pine"
"182",182,0,-0.542702133837775,-1.28596057647641,1.22332365085984,"mixed"
"183",183,1,0.0797343876209308,1.70315382337947,1.26518227179389,"oak"
"184",184,1,-2.15335500416156,0.657177528147292,-0.913140012267733,"pine"
"185",185,1,0.302089854666632,-0.0397940728561244,-1.16119315890016,"mixed"
"186",186,0,-1.29101000807934,-1.409084295829,0.192414870338145,"pine"
"187",187,1,1.88945096529647,0.909615305790103,0.535728144069345,"mixed"
"188",188,1,-0.634886729485097,-1.08461627176252,-1.68539193918921,"mixed"
"189",189,0,0.875480106761253,1.58639655280985,0.784160784996398,"pine"
"190",190,1,0.671630687885137,1.09430948186039,1.67891224847854,"mixed"
"191",191,1,-1.26335184586929,0.701471824437244,0.511485664608044,"oak"
"192",192,1,-0.00922823556391678,0.285869100427792,0.849762808088841,"oak"
"193",193,0,0.83945103005286,-0.165765620117396,-0.667149415987003,"oak"
"194",194,0,-0.789971191084645,-0.0443034202232752,1.84596118615594,"pine"
"195",195,0,0.067610370133854,0.201964741243399,1.3121062169825,"pine"
"196",196,1,-0.852715901747083,0.1466681137582,-0.573214991986452,"mixed"
"197",197,1,-0.898612175784875,2.05036775954257,-0.430125473757522,"oak"
"198",198,1,-0.401017575861443,0.559734045569673,-1.08540487118783,"oka"
"199",199,1,-0.692454715496389,0.350534093846863,0.300068604969032,"oak"
"200",200,0,1.35173514620986,2.59482611143423,1.24466684939561,"mixed"
"201",201,0,-0.592831260631097,-0.818190462597729,0.340243356096745,"pine"
"202",202,1,0.0259268491845384,-0.506881676425364,-1.10664374439017,"oak"
"203",203,0,-1.01366474485477,-0.302994391451383,0.580727926455255,"pine"
"204",204,1,-1.69263831509732,-0.625936355117124,-0.969059027738042,"pine"
"205",205,1,-0.126788292527215,0.902595914406094,-0.435558450827932,"oak"
"206",206,1,1.70007857222966,0.830355951289324,0.707657068958796,"mixed"
"207",207,0,0.536267587828428,1.39637730166122,0.320273888378008,"pine"
"208",208,1,0.512341727596046,0.897428271321173,-0.664836201544687,"pine"
"209",209,0,0.163614899685709,-1.65196621994542,0.0406646227192863,"oak"
"210",210,0,0.0919201848088505,-0.842190191467485,1.44306645030719,"mixed"
"211",211,1,0.429888525012504,0.150117457740951,-0.0921932952844316,"pine"
"212",212,0,0.806306247875802,0.11128904951715,1.69255299248494,"oak"
"213",213,0,1.01609399099761,0.673714211754602,1.49246518341505,"oak"
"214",214,1,1.33263267747552,2.25441864614427,-1.33190705318342,"mixed"
"215",215,0,1.64077319795973,0.78680954152085,1.39076859520596,"oak"
"216",216,1,-0.841762189388982,0.0523200471111304,-2.21261227999352,"pine"
"217",217,1,0.445508167163556,0.503384487326744,-0.727332001857441,"mixed"
"218",218,1,0.423245986642638,0.189118964636801,0.694773836025716,"pine"
"219",219,1,-1.29888861602294,0.498777108785419,-0.568584533728809,"oak"
"220",220,1,0.590761772690598,-0.385367771508188,0.262484823974717,"oka"
"221",221,0,-0.306790954311335,-0.749943012980571,0.0625695068389648,"pine"
"222",222,1,-1.14128086315528,-0.18082109601632,0.0251751668463838,"oak"
"223",223,1,-2.22922749879351,0.563423193839593,0.0409875128434381,"mixed"
"224",224,1,1.59475709517771,0.634845427243351,-0.576310345938323,"pine"
"225",225,0,0.637340605489349,0.335421212129554,0.390619026434131,"oak"
"226",226,1,-1.25175271218925,0.562628184764553,0.356288886560536,"mixed"
"227",227,1,-0.595761049824209,-0.518724861835601,-0.420745866941921,"mixed"
"228",228,0,-0.383584815694365,0.020795447109286,1.3623632564403,"oak"
"229",229,1,-1.14853742208426,0.554797113709345,0.818590326561376,"pine"
"230",230,1,0.513734597992711,-0.195519054404854,-0.343974339733007,"Pine"
"231",231,1,-0.217826681146525,-0.229471906932804,-1.39470926001663,"mixed"
"232",232,0,-0.660549987124549,0.723105417884653,0.277257930232638,"oak"
"233",233,1,-0.2322787799126,0.959090997557748,1.2041235358884,"mixed"
"234",234,0,0.790254996517746,-1.40312045733012,-0.226159264735886,"oak"
"235",235,1,-1.14489151301239,2.17426435585058,-0.0243363225457663,"mixed"
"236",236,1,-0.054422665598579,1.8968389720217,-0.832468340970919,"pine"
"237",237,1,1.00445181257028,0.858933932405602,-0.154008819283449,"mixed"
"238",238,0,-0.125617757394361,-1.59766222194948,1.30931958795182,"pine"
"239",239,0,1.48813055286623,-0.759783480054374,1.63982469743309,"mixed"
"240",240,0,0.558308737861989,-1.41370500394833,0.659497038052042,"oak"
"241",241,1,-0.249484188123869,-0.383565937214662,-2.53298995509381,"oak"
"242",242,0,-0.0991484741520751,-1.4522135826894,0.585880354339812,"oka"
"243",243,0,-0.312311812397293,0.822966163300789,-0.604076125465273,"pine"
"244",244,0,0.00590984354307961,-0.170758022768283,0.539279952665812,"mixed"
"245",245,1,-2.06760183696051,-0.286779980615954,0.287292279568142,"pine"
"246",246,1,0.551675339831613,-0.475115698339873,-0.498454369153292,"mixed"
"247",247,1,-0.373832964428129,0.388324638015128,0.343403039872557,"oak"
"248",248,1,0.275220276873524,1.30794695459603,0.737602252078282,"oak"
"249",249,0,-0.0191592403835281,-0.784111187225923,0.0730778231705368,"oak"
"250",250,0,1.28409023633305,-1.28593807299098,0.376790609323132,"oak"
"251",251,0,-0.384793493189563,-0.605741016577732,-0.595572297003861,"pine"
"252",252,1,-0.898545427244233,-0.357643779140928,-1.38748895681371,"pine"
"253",253,1,0.611886031775485,2.1871737615884,-0.735554826398139,"pine"
"254",254,0,-0.70516463679482,-1.21396196744208,-0.710679165992834,"mixed"
"255",255,0,0.00851435399230281,-0.992319755427241,0.299443180993951,"pine"
"256",256,1,-0.536696702645361,-0.576874764103781,-0.0862619381121553,"oka"
"257",257,0,1.73536060323553,0.435365729519759,0.284770886537043,"pine"
"258",258,1,-0.327434939064751,0.482049864235189,1.1328600559485,"oak"
"259",259,1,1.01927844963864,0.203540001423037,0.0256337015533341,"oak"
"260",260,1,0.437922252321863,1.17858022781868,-1.7657663960035,"pine"
"261",261,1,0.538462727891547,1.20008186342249,-0.0921930396028582,"mixed"
"262",262,1,-0.620146824442199,0.132048365427001,0.0195120623786645,"mixed"
"263",263,0,1.42378463714328,-1.14818542893307,2.01553289222515,"pine"
"264",264,1,0.0287256016064876,0.272598353279974,-0.232358793868517,"mixed"
"265",265,1,-0.147845215503863,0.476072935875757,0.540280926681485,"pine"
"266",266,1,-1.32009293965747,0.318655063509627,-0.353756610347316,"mixed"
"267",267,0,0.73713623461519,-0.129232971507029,1.17932147713434,"pine"
"268",268,1,-1.67860681670118,0.229920763070592,0.345816904173456,"oak"
"269",269,1,0.437367633548047,0.667001765258686,-0.103369089380637,"mixed"
"270",270,1,0.129017483915404,1.28651111291691,-0.521738387119149,"mixed"
"271",271,0,-1.05489007108996,0.791116457183155,-0.651371379015366,"oak"
"272",272,0,-0.616872959183205,-0.0577303334985859,0.290974971738179,"oak"
"273",273,1,-0.45196411566911,0.502895029167201,-0.507986846663225,"oak"
"274",274,1,-0.18907507825284,-0.0831299394959964,-3.03660137893809,"oak"
"275",275,0,1.18414551878074,-1.29891914243336,0.80663539891955,"pine"
"276",276,1,1.65743456702937,-0.0489827231733343,-0.631018588342057,"pine"
"277",277,0,-0.645249729021977,-0.714220561849154,1.32739831824358,"oak"
"278",278,0,0.689318300966317,-0.41893322493457,1.75899037028945,"mixed"
"279",279,0,-0.148681068918081,-1.7056260180661,0.806382235626522,"mixed"
"280",280,1,0.0578018239087811,1.76618128538657,0.319348463762542,"oak"
"281",281,1,-0.925222153758307,0.806943100328931,0.14098096039148,"pine"
"282",282,1,-1.08690820532184,0.223115431423625,-0.50288059875891,"oak"
"283",283,1,-2.05096413681055,0.496251394355165,-0.8654770575821,"mixed"
"284",284,1,0.51371600320483,-1.55935448660221,-1.91695523314223,"mixed"
"285",285,0,0.570774072952088,0.853213687857063,1.63394610169999,"pine"
"286",286,1,-0.138227769116024,-0.173823973731376,0.0299730852106708,"pine"
"287",287,1,-1.55432228872198,2.22258870550232,0.725526496221113,"pine"
"288",288,0,-0.845579767875294,-0.124331262715154,1.4492310573234,"pine"
"289",289,0,-0.47812460966727,-0.767301090029375,0.965732090422616,"mixed"
"290",290,1,0.637365207787265,-0.318236853685897,-1.86411848092868,"mixed"
"291",291,1,-0.554145755508649,-0.170508819576302,0.140218144812984,"oak"
"292",292,1,-0.786281850871756,-0.199673074252857,-0.371257290561049,"pine"
"293",293,0,1.0078211204928,-0.686376482230852,0.209873203131876,"mixed"
"294",294,0,0.706498089964458,-0.734577391538787,1.0352070593286,"oak"
"295",295,0,-0.159979419648853,-0.284934888002198,0.401217296669572,"mixed"
"296",296,1,-0.1234619331035,-0.742267059325261,-0.952596166610384,"mixed"
"297",297,0,0.322501476516318,-1.13016091133695,1.0131690373717,"mixed"
"298",298,1,-1.53631005847517,1.60482383246315,-0.478507690521812,"oak"
"299",299,1,-0.564379737302202,-0.0443362924954553,-0.104281858640166,"oak"
"300",300,1,0.942346664811012,-0.511193362275648,-0.882938419905113,"pine"
"301",301,0,-0.937026404000415,-1.54616403635767,0.562317830015232,"mixed"
"302",302,0,0.187812683262012,0.89039614030419,1.53117977255564,"oak"
"303",303,0,-1.73220489413445,-0.785994423443403,1.85179302470114,"mixed"
"304",304,0,-0.927308387739902,-0.213225196129566,2.36529063800937,"pine"
"305",305,1,1.38751718180953,-1.28181988506405,-0.727532656144671,"mixed"
"306",306,0,-0.526916976015183,-0.33653398517066,0.228699304193528,"oak"
"307",307,1,0.818832519341152,2.77754291967959,-1.41633617979645,"mixed"
"308",308,1,-1.67234891114011,0.886654959802949,0.0910997228723113,"pine"
"309",309,0,-0.26354630404143,-0.113280339321855,1.48605809670214,"oak"
"310",310,0,-1.67769263077376,0.774428565307125,1.46647624634343,"pine"
"311",311,1,-1.31818788109201,-0.25254541833679,0.0165265781508076,"pine"
"312",312,1,1.36564190265406,-0.551660010232865,-1.24217773697675,"pine"
"313",313,1,0.355591733507694,0.382233179731023,-1.15246341551827,"mixed"
"314",314,1,-0.610619378912857,0.835901431277508,1.01211828679647,"pine"
"315",315,0,0.488739338315306,-0.307181940922967,0.723394616013078,"pine"
"316",316,1,0.179589008972986,0.0503006261857432,-0.480906932656502,"Pine"
"317",317,0,0.272984110347781,-0.768685542476244,-1.04166484333234,"mixed"
"318",318,0,0.485940911455038,-1.27331824419634,0.560568995069944,"pine"
"319",319,1,-0.156129683304925,2.14723562407564,-0.659745469863344,"mixed"
"320",320,1,-0.649366164352931,1.68826928903153,1.15242918341681,"mixed"
"321",321,1,1.16210231182272,-0.385801932153202,-0.057401026356585,"pine"
"322",322,1,-0.593627783769973,-0.468022516156562,-0.674078067611829,"pine"
"323",323,1,0.17455456379926,0.499928830927014,0.400530827472154,"oak"
"324",324,0,0.616906256141848,-0.511725580340714,0.357293299705109,"mixed"
"325",325,0,0.0217238673118327,0.531293838349208,-0.621984173535426,"mixed"
"326",326,1,1.34908480364781,-1.00097277044364,1.44299924119639,"mixed"
"327",327,1,-0.216343353296606,-1.11272362706056,-0.525580905184657,"pine"
"328",328,1,1.43494525334459,0.0517783992197704,-0.800564344472762,"oak"
"329",329,1,1.79518120949956,1.09411180091319,-2.30717399598619,"mixed"
"330",330,1,-1.8261289278631,0.447556638681552,-0.329502149283637,"mixed"
"331",331,1,0.710977766309516,0.550273598499261,0.138652641377028,"oak"
"332",332,1,1.82919433054042,1.01917388014066,0.4458202793515,"oka"
"333",333,1,-0.762245414374391,1.62148175780777,-0.758151547508454,"oak"
"334",334,1,0.802601839326842,-0.373478884061972,-0.644178681401445,"mixed"
"335",335,1,0.528385041109089,1.39301763242443,0.231414965383354,"mixed"
"336",336,0,0.940262079059561,-0.373856891248519,-0.303101927761536,"oak"
"337",337,0,-0.397765997286762,-0.11455964052279,1.49948237274455,"pine"
"338",338,1,0.768624578959083,0.563698956954124,-0.878243254100251,"mixed"
"339",339,1,-0.0288728625406657,0.494694126363797,-0.864903095988081,"mixed"
"340",340,0,-0.808550761665642,-0.0796578215277017,1.67627611338735,"pine"
"341",341,1,-0.174297746353171,0.636804760144955,-0.87289700374533,"mixed"
"342",342,1,-1.36069993543742,-0.711570327469528,0.235544762360647,"mixed"
"343",343,1,0.611865761134957,0.733092269259576,0.0277466817623069,"pine"
"344",344,0,1.26673113835482,-0.949545218952515,0.917091671852915,"oak"
"345",345,1,2.23485063407125,0.240335551673191,-1.50419883322727,"pine"
"346",346,1,0.225410586106437,-0.0454363062173268,0.135131926608964,"mixed"
"347",347,0,-1.14301603594512,-1.61035319071469,1.30845734756499,"mixed"
"348",348,1,-0.0903815149464629,2.03014964731783,-1.5503959757309,"mixed"
"349",349,1,-1.2170941560859,1.95273683083684,0.608049793846372,"pine"
"350",350,1,-0.0810076895701437,0.179263062624564,-1.1392299784116,"mixed"
"351",351,1,-0.189866335730578,-0.293313536169143,-1.89171918713622,"pine"
"352",352,0,0.649082614580464,0.158496997244066,0.409760586165455,"pine"
"353",353,0,-0.125846893781478,-0.833180234558176,0.477432147264906,"mixed"
"354",354,0,-0.0408730539574077,-0.754950963106724,1.54380717610043,"mixed"
"355",355,0,0.342256315237941,-0.0546932763420831,1.06045788268955,"mixed"
"356",356,1,0.224413993104993,-1.70789437123855,-1.65497268493794,"oak"
"357",357,1,-1.49942398813103,-0.000629535549745611,-1.50845793548307,"mixed"
"358",358,0,0.361560008098339,-1.05561028456979,0.360251718754751,"oak"
"359",359,1,-3.25555524164653,0.117411456558679,-0.812256765983107,"pine"
"360",360,0,0.780606970141003,-0.685861474329974,0.352644405624203,"mixed"
"361",361,1,-1.66832593659154,0.578130581821411,0.272441060476923,"mixed"
"362",362,0,-0.141599690052164,0.116989318034153,0.960442868570911,"mixed"
"363",363,0,2.21832029885762,0.140532060702466,-0.493720014257753,"mixed"
"364",364,1,1.04227135597851,0.444718457072913,-0.346367964942186,"oak"
"365",365,1,-1.19721243408117,0.0261069104051582,0.10367690544214,"oak"
"366",366,0,0.418030340021138,-0.185400319779757,0.465980220240651,"mixed"
"367",367,1,0.341814672516937,1.40674589875186,-1.88914583893282,"oak"
"368",368,0,0.467303619293529,0.265107592725423,1.31531879001252,"pine"
"369",369,1,0.838378767787961,0.0875208103962965,-0.981541020599056,"oak"
"370",370,0,0.480086292559243,0.323856095157808,2.10472546985187,"mixed"
"371",371,1,-0.662205114657371,-0.512381079823902,-0.0554307683131046,"oak"
"372",372,1,1.505812291093,0.580674757369674,0.000421173360395289,"pine"
"373",373,1,0.944225459353946,0.415392232444379,-0.023330308589165,"mixed"
"374",374,1,-0.0120152249309994,-0.355652320203815,-0.486831009786379,"oak"
"375",375,1,-2.05497130516655,0.130689461909946,0.189339074370557,"pine"
"376",376,0,-0.188800667765524,-0.254454955508471,1.01337631578336,"pine"
"377",377,1,1.87187321688876,-1.14867248670242,-1.02748752023528,"oak"
"378",378,0,1.64940029693344,-0.638014165304944,-0.0262368019614147,"oak"
"379",379,1,-0.894835802697542,-0.000883726758541573,-0.876892490087678,"pine"
"380",380,1,-0.205590054635468,0.501961901297237,0.995624839245747,"pine"
"381",381,1,-2.58387260609194,1.25554149266919,-0.645902684845226,"oak"
"382",382,1,2.30066101134908,1.80013618107406,-0.138538856419534,"oak"
"383",383,1,-0.00235864325415377,-0.86824392790439,-1.57650877944087,"oak"
"384",384,0,0.0674893799626213,-1.18288491761452,0.0316387169813131,"mixed"
"385",385,1,1.46150677529567,0.426971382298356,0.771000173277728,"mixed"
"386",386,0,-0.296983688801117,-0.290801431016147,0.786820336214653,"pine"
"387",387,0,0.128828825067703,0.495660056116382,1.48373417207573,"oak"
"388",388,0,1.23379430678928,0.937456823638808,1.16573983019547,"pine"
"389",389,1,0.601848124379784,-0.187046665364362,-0.886165336714607,"oak"
"390",390,1,0.062786218477554,0.38268099746465,-0.369395664046034,"oak"
"391",391,1,-1.3668660103804,0.502612450620205,0.700497120213825,"mixed"
"392",392,1,-1.46799737010524,-1.99422120839786,-0.977716108525266,"oak"
"393",393,1,-1.54676780786079,-0.0765206138939181,-1.85581317669566,"mixed"
"394",394,1,-2.14944379727185,-0.601676533877062,1.01974744066771,"pine"
"395",395,0,-0.991352955455049,-0.780424573274115,1.25973887357904,"oak"
"396",396,0,-1.12698591513322,-1.11945012280364,-0.523712797840777,"oak"
"397",397,0,1.36187198376552,0.0344903557862962,0.774945952764684,"pine"
"398",398,0,-0.407162147781324,-0.336483847791926,1.4452852933478,"pine"
"399",399,1,-0.393732692855192,1.16506201809284,0.36465531454017,"mixed"
"400",400,1,-0.0714277352635278,0.116991702917339,0.604629723554822,"mixed"
"401",401,0,0.722845982886771,-0.199685063294495,-0.244633726789672,"pine"
"402",402,1,0.344466822245592,1.74910771113501,-0.320765389556999,"mixed"
"403",403,1,-0.0169609071952182,0.754809688541518,-1.26558311628911,"mixed"
"404",404,1,-0.812377707889299,0.745199130607511,-0.117254304658634,"oak"
"405",405,0,-0.777119921781417,0.490818433672903,1.43264079364884,"mixed"
"406",406,0,-0.907601399557913,-0.435018693083907,-0.580463934995858,"oak"
"407",407,1,0.201721024608181,0.907548396302854,0.674881074914955,"pine"
"408",408,1,0.744401694899006,1.62622721252573,1.37019604458972,"mixed"
"409",409,1,-0.143900265121882,-0.310723304293452,-0.434829840741057,"mixed"
"410",410,1,1.38339456125397,1.47879158532399,-0.157199187063914,"oak"
"411",411,0,1.1947464930552,1.01342853129971,-0.284515756522345,"pine"
"412",412,1,0.231888673257556,0.433091467482411,-0.441712488630919,"oak"
"413",413,1,0.254483114397607,1.47790599972114,0.0724445461908778,"mixed"
"414",414,1,0.151807000854051,0.0746418739772083,-0.316792219150108,"mixed"
"415",415,1,-1.11580925918615,-0.63256963083469,-0.38845992296081,"oak"
"416",416,1,0.313931183521474,0.534541431270205,-2.42761247546587,"oak"
"417",417,1,-0.486373229166733,-1.41930487394611,-1.42952091390176,"mixed"
"418",418,1,-0.740410718293689,-1.88432216571269,-0.125404427742304,"mixed"
"419",419,0,0.372360514461592,-0.156023237413206,0.908950529956398,"oak"
"420",420,1,1.23457240160135,0.563893310573676,-0.571953696146664,"pine"
"421",421,0,-2.69097575816245,-0.901581941417643,-0.183193147324064,"mixed"
"422",422,1,0.0460057510742684,-0.142797834527564,0.529166170887614,"oak"
"423",423,1,0.12936361461437,-0.674332264439959,-0.80253910928158,"mixed?"
"424",424,1,0.0174319268338996,-0.125199013350659,-0.97038019264906,"mixed"
"425",425,0,-1.29533926238596,-1.02393551995456,1.28613310560039,"oka"
"426",426,0,-0.264015097585534,-0.235873289897649,1.85591045734076,"pine"
"427",427,0,-1.09286811033101,-0.126988535530653,1.96404784207365,"oak"
"428",428,0,-0.822605623891704,-0.830645513617815,-2.16289430627967,"oak"
"429",429,0,-0.0868505110525265,1.00835077941152,0.668227557817306,"oak"
"430",430,1,0.350855554555058,-0.718280396172939,-0.0340701968251851,"pine"
"431",431,1,0.674817340072645,0.0966804248587548,-0.647073563252386,"mixed"
"432",432,1,0.342083639911303,1.03216953193487,-0.0749389540514689,"mixed"
"433",433,1,-0.866467057278913,-1.24354219549518,0.345021074867082,"mixed"
"434",434,0,0.818583571058889,-0.600731880549642,0.782647694673571,"pine"
"435",435,1,-1.71675411922216,0.157908695279222,-1.07377885218751,"pine"
"436",436,1,-0.603765095433864,-0.15149673879758,0.269726895601199,"oak"
"437",437,0,-0.595941388420163,-0.63652458317353,2.52940473174821,"mixed"
"438",438,0,-2.08794159389488,-0.0572402050897714,0.966215475251613,"mixed?"
"439",439,1,0.785776290370951,0.16539078549929,0.347454926415693,"mixed"
"440",440,1,-0.340653850720209,1.28960274091186,-0.125565332864938,"mixed"
"441",441,1,0.185345227892023,-0.288127491735426,1.09180006886615,"oak"
"442",442,1,-0.0559519865872316,0.26334810535273,1.31993524926912,"mixed"
"443",443,0,-0.470859770103429,-0.196011070436758,-0.0247773342258109,"oak"
"444",444,0,1.37818241630007,-1.30791802556456,1.19213973955937,"mixed"
"445",445,1,0.515076574496324,1.58846853311907,-2.26963317803091,"oak"
"446",446,1,0.442539298476911,-1.02463679595386,-0.78825341785794,"pine"
"447",447,0,-0.0686374321267023,0.330191833054771,0.628912646019748,"oak"
"448",448,1,0.818614478081364,1.96144261656956,0.0256498362667048,"mixed"
"449",449,1,-0.158996745807185,0.74872810217125,-0.58518349572525,"mixed"
"450",450,0,1.96922896698455,-3.00619778455102,1.59504916642042,"oka"
"451",451,1,-0.449828979954431,2.87245309307165,1.04823856168408,"oak"
"452",452,1,-1.60938761413988,0.535369034722958,-0.425503575749752,"oak"
"453",453,0,-1.02174369698502,0.0863041142279753,1.06662678915691,"oak"
"454",454,1,0.968454634975076,0.158593333102103,0.418038439440598,"oak"
"455",455,1,0.999761712053894,-0.0502282035742733,-0.609365129916041,"oak"
"456",456,1,-0.666083417358002,0.382860751822662,-0.579424028818464,"pine"
"457",457,1,1.023891264594,-1.59979396668171,-0.252193274904453,"oak"
"458",458,1,0.392543377248008,-0.511549155400506,-1.10579121955646,"mixed"
"459",459,1,1.69841036081446,0.648989632531643,-1.80912188984141,"oka"
"460",460,1,0.271921888706541,-1.00829872403666,-2.05917782109554,"oak"
"461",461,0,-1.22336887192669,-0.62154997327175,0.694171927143664,"oka"
"462",462,1,0.522271173631157,2.4170106196676,0.256540809655128,"mixed"
"463",463,0,0.727696218525496,-0.0198714293411617,0.111849988455627,"pine"
"464",464,1,0.69454822382864,-1.20659811468139,-0.342051659377832,"oak"
"465",465,0,-1.68906832880739,-0.317897788412799,-0.189414555965825,"pine"
"466",466,1,0.331247913098711,1.0309174011703,-0.882214963266176,"pine"
"467",467,1,0.193301961543226,0.624112362012006,0.989052063418791,"pine"
"468",468,1,1.26577260591658,-0.0416215096490372,-0.69364577913812,"oak"
"469",469,1,-0.376389042230277,0.328042756109183,1.17003755299712,"pine"
"470",470,0,-0.996655507746085,-0.829733401114206,2.43645683610838,"pine"
"471",471,0,-1.93586716010627,-1.25629397104284,0.215267972769364,"oak"
"472",472,0,-0.252892055484972,-0.36145486998298,0.385070859059812,"oak"
"473",473,0,1.47629114357674,0.0601557790567564,1.48840805446222,"pine"
"474",474,1,-0.975744034249331,1.89483742583478,1.23391935696962,"oak"
"475",475,0,1.56188696495204,0.406736289835736,1.91818499035421,"oak"
"476",476,1,-1.33688498290914,-0.289786557631528,-0.487077281893392,"mixed"
"477",477,0,0.619243042339047,-0.576281562916202,0.0874974157905172,"mixed"
"478",478,1,1.97552978864688,1.56153914532549,-0.879672409371701,"pine"
"479",479,0,-0.302486082660234,0.25523204561532,0.815054130247538,"mixed"
"480",480,0,0.734684035933659,-0.0139022296474802,0.532764600426971,"oak"
"481",481,1,-2.13672650567942,0.559153390199502,0.0310541958717571,"mixed"
"482",482,1,-0.0282920631032498,0.835511148835147,-0.389847696449651,"mixed"
"483",483,0,-0.759758384990059,-0.564552531356515,0.450029050647648,"pine"
"484",484,1,1.46690639975375,0.904730246723856,-1.98370508978207,"pine"
"485",485,0,-0.274762150354204,0.414318901165706,2.05352968021559,"oak"
"486",486,1,-0.530500886481127,0.419619620787714,-0.379354467930032,"mixed"
"487",487,0,0.93654761705405,0.115230750966904,-0.96131440956201,"mixed"
"488",488,1,2.08481842849861,1.30184107086281,0.191995999827197,"oka"
"489",489,1,-1.57761576938977,-0.46131404453256,-0.0418035592838559,"oka"
"490",490,1,1.56609363357216,-0.735042396602729,0.548016355667707,"mixed"
"491",491,0,-0.882795485885801,-1.91928715895394,0.433809041147213,"pine"
"492",492,1,1.96810261687194,-0.345930743028124,-0.79550762955149,"pine"
"493",493,1,-0.331926222564237,0.0442500087982055,-0.392966735332938,"oak"
"494",494,1,1.06438621398493,1.07817465892893,-0.0565560480024062,"pine"
"495",495,0,1.55675444933871,0.260200698248472,0.836765767413635,"oak"
"496",496,0,1.02591719634483,-0.0897285576745765,0.461388061375695,"oka"
"497",497,0,-0.5341541371056,0.706213621706321,0.525167854950053,"pine"
"498",498,1,-1.93629400844573,0.189860117100128,0.548779365983144,"oak"
"499",499,0,0.139307800547465,-0.21099430344288,0.933281094366846,"mixed"
"500",500,0,-1.14509615797979,-0.915317134079609,-1.07999613398312,"oak"
"501",501,1,-1.00979322614177,0.152952573686145,-1.68023099020423,"mixed"
"502",502,0,-0.128323963085333,-0.306513600213419,1.86875430830607,"mixed"
"503",503,0,0.214507815876437,-0.454208724646265,0.647883929480906,"mixed"
"504",504,1,1.61727616916867,0.77117934520696,1.24434285928833,"pine"
"505",505,1,-0.639728263462038,1.67901172712811,-0.0320298998316439,"mixed"
"506",506,1,1.71382524500609,-0.553504894724067,-0.482356238183779,"pine"
"507",507,1,0.735275988226832,0.633526098021685,-2.48187236818801,"oak"
"508",508,0,0.189414170743078,-0.575237065726551,1.28871575563161,"mixed"
"509",509,0,-1.54930612520004,-0.724920542527476,1.79014939539427,"pine"
"510",510,0,0.769264785610257,0.920616444522146,-0.616397513088271,"pine"
"511",511,1,0.537258541520339,-1.57448970809422,-0.277913191283906,"mixed"
"512",512,1,0.252965986656204,0.94439036333193,1.14813614056503,"oak"
"513",513,0,-0.775288804428531,-0.427104958581467,1.38473654008083,"pine"
"514",514,1,0.686591945862063,-0.292786008942367,-1.9338712766832,"pine"
"515",515,1,-0.51147332280798,1.73159241670316,1.76216756333476,"mixed"
"516",516,0,-0.320385374985383,-1.01496763860793,0.754573414460607,"pine"
"517",517,0,0.670628848288655,0.473462771511813,0.686962318049552,"pine"
"518",518,1,-1.0139690231833,-0.0203187672678532,-0.801372179910095,"oak"
"519",519,1,0.398746954407931,0.932287029802451,2.05105796550801,"mixed"
"520",520,1,-0.0491478686515544,1.24788544693893,-1.08280904789811,"oak"
"521",521,0,0.390286707964532,-0.843548496258667,-0.0930802362676756,"mixed"
"522",522,1,2.78441785481808,-0.871260548109712,-1.39082640476028,"oak"
"523",523,0,2.3753123442585,0.337791253544652,1.11596994890732,"pine"
"524",524,1,-0.269113943712893,-0.565871564706531,-1.55371068178574,"mixed"
"525",525,1,-0.439029414446638,0.105445014048373,-0.656396470849603,"mixed"
"526",526,1,0.339680150971639,-0.569367502411165,-1.09256597456654,"pine"
"527",527,1,0.566519501213763,0.728478768695146,-1.80350676070033,"pine"
"528",528,0,-0.584295558861129,-0.0255831503165917,2.10380346784447,"mixed"
"529",529,1,-0.867779343982122,-0.630965364129325,0.112259419847208,"pine"
"530",530,1,-0.0583882017137281,-1.0771317047765,-2.41308614746414,"mixed"
"531",531,1,0.916187805571197,1.17968107623337,0.0299827429291346,"oak"
"532",532,1,-0.376266044943195,1.04357582058161,-1.20827073207226,"pine"
"533",533,0,-0.976249428430777,0.357963731608009,1.24129273851504,"pine"
"534",534,1,-0.526423979845634,0.754256058179844,-1.42700282602949,"mixed"
"535",535,0,0.0525441605705152,-0.682724393139146,1.17628917218451,"pine"
"536",536,1,1.22423996302359,1.43995017253162,0.286484994907085,"pine"
"537",537,1,0.993572546655803,1.05870054544544,-0.672065702532347,"mixed"
"538",538,1,0.149276460101612,1.92222401091595,-0.877746655615568,"pine"
"539",539,1,1.41067405599175,1.62119854343809,0.0381397968413286,"oak"
"540",540,0,1.45658613769549,1.12778880448516,0.464463495761794,"mixed"
"541",541,1,1.46574963698223,0.037249271947818,0.436265440164814,"oak"
"542",542,0,-1.12109577344746,0.33708286401251,1.01974128229825,"mixed"
"543",543,0,-0.0304686519769096,-1.28230650933039,0.728901934401412,"oak"
"544",544,1,0.780731209614323,1.0629249871851,-0.539111266257074,"oak"
"545",545,1,-1.34444082818087,1.8859868024328,-0.554111148522493,"oak"
"546",546,1,-0.108886803139043,0.377670271401467,-0.171543100694809,"mixed"
"547",547,0,-0.623833405929354,-0.0464061560336297,1.7264716136726,"pine"
"548",548,1,0.681677033041994,-1.20393102211217,-0.6780570114356,"mixed"
"549",549,1,-0.41705942847535,0.31907661424932,0.588966646149139,"mixed"
"550",550,1,-0.0765216724445007,-0.642662516154698,-0.570586973982756,"pine"
"551",551,0,1.72419776858879,-0.122561655157557,1.02791750980376,"mixed"
"552",552,0,-0.558967591828686,0.232945004912564,0.0610243858623018,"pine"
"553",553,0,0.23272982371908,0.0340084201699453,0.495507095686658,"mixed"
"554",554,1,-0.0117217107446802,0.237894511689599,0.789527246274435,"oak"
"555",555,1,1.00644810945902,0.61169429654413,0.0377382546507723,"pine"
"556",556,1,-1.79748170236656,2.10792738443116,1.04658435063446,"pine"
"557",557,1,-0.0976747527118609,0.194328059398645,0.33773853964682,"mixed"
"558",558,0,0.182171740876152,-0.982664153330187,0.192076065666678,"mixed"
"559",559,0,0.0525740081205522,0.0735164331229863,-0.252816456610673,"oak"
"560",560,0,-1.4522932075469,-0.357192907834374,0.0144628216664772,"oka"
"561",561,0,-0.257982129135746,0.418967716621255,-0.112662681320673,"pine"
"562",562,0,-1.03198509529429,-1.52706959558092,0.835356193828554,"oak"
"563",563,1,-0.858799368342819,1.42665342413551,-0.0877318682246789,"oak"
"564",564,1,-0.350782327703894,0.978726017007071,-0.803198038812891,"pine"
"565",565,0,0.570031221700947,-1.82751561029544,0.151802771777815,"pine"
"566",566,1,1.45705377149724,1.02596044177333,-0.249019805291847,"oak"
"567",567,1,-1.18326855681506,-0.321072782070952,-0.57147754553671,"mixed"
"568",568,0,1.52216874384308,0.852852643587238,0.297638255219782,"mixed"
"569",569,1,-0.427798465406527,0.860899777386763,0.0773236590362462,"oak"
"570",570,0,0.0175182994372992,-2.63829208981022,1.69267186261065,"mixed"
"571",571,0,0.540022136828224,-0.0357333186758845,-0.814938136540955,"oak"
"572",572,0,-0.333653960000003,-0.463230811454063,0.538461525689855,"pine"
"573",573,1,1.51783033449519,1.01423440799366,-0.632156432476587,"mixed"
"574",574,0,0.400810808371869,-2.25953376714983,1.62997702885407,"oak"
"575",575,1,0.30743027311225,1.40631333856749,1.27883835806,"mixed"
"576",576,1,-0.0274912608439017,1.2634345149483,0.123363833760605,"mixed"
"577",577,1,-2.17920879476799,0.749415332482017,0.517872989360411,"oak"
"578",578,0,1.65580630276053,-0.820493131829993,0.0906923811166994,"oka"
"579",579,0,-0.17888314546689,0.233318971975883,1.53421185169063,"oak"
"580",580,1,0.44264218899229,-0.542317584578861,1.07781492806702,"oak"
"581",581,1,0.734822549421904,0.181310699108835,-1.24511733728187,"mixed"
"582",582,0,-0.221376914831006,-1.33747814394821,1.66752923638621,"Pine"
"583",583,1,0.747276560839334,-0.44258764154288,0.364833546602388,"mixed"
"584",584,1,-0.929480696427951,0.812480319316124,0.0569442643249425,"oak"
"585",585,1,0.0158853212928393,0.525418741695873,0.00135099668272266,"pine"
"586",586,1,-1.38937816896262,0.929698996294682,-0.652547787405344,"oak"
"587",587,1,-1.35621007408334,1.42441155592931,-0.230406998346687,"mixed"
"588",588,0,-1.5233756067147,-0.64717573305459,0.937835208591873,"oak"
"589",589,1,-0.294650432510512,0.881268381036708,-0.184976582712062,"mixed"
"590",590,0,-0.655977857205758,-1.34736094780937,1.55012113852668,"oak"
"591",591,1,-0.543289488956325,1.69498350856909,0.537544376265981,"mixed"
"592",592,0,1.62736955843205,-0.873332524997289,-0.354292892217713,"pine"
"593",593,1,0.433982745372644,-1.92819079807148,-1.84110439332384,"oak"
"594",594,1,-0.00243631570074114,-0.169204774263122,0.406189316430276,"mixed"
"595",595,0,0.379098113708147,1.15330050141165,0.313459417241446,"mixed"
"596",596,1,0.431020928091615,-0.0536962860814923,-1.54167073602007,"mixed"
"597",597,1,-0.279716626653362,-0.795588692158353,-0.594767975662398,"pine"
"598",598,0,0.70035131381894,-0.504143432528599,0.583203204373977,"pine"
"599",599,0,-2.28536534942651,-0.955828168449244,-0.163327539090272,"oak"
"600",600,1,-1.0718229563186,-1.1586847074751,-0.193984458276421,"mixed"
"601",601,0,0.044094840287858,-0.201061708234337,-0.000687487802330026,"pine"
"602",602,0,1.76604289607703,-0.977019389520542,0.67186729492629,"mixed"
"603",603,0,0.151015440864664,0.632460872257212,3.27788529566314,"pine"
"604",604,0,0.845815340244415,-0.27533779736724,-0.363142394225647,"mixed"
"605",605,0,1.13004401843054,-0.425753886190016,1.03257960228989,"pine"
"606",606,0,0.3935473660633,-1.56499855285461,0.742317289987883,"oka"
"607",607,1,-0.0531758919666718,2.09755374882778,-0.797696166916786,"pine"
"608",608,0,0.265402741396952,-1.91497280746226,0.611740715207274,"pine"
"609",609,1,0.0433008295797986,0.338438221008533,1.32216135265938,"mixed"
"610",610,0,-0.919471477968193,1.62507520214355,1.77194408755789,"pine"
"611",611,1,-1.33786342537675,0.433557446752618,-0.69826789058779,"mixed"
"612",612,1,-1.12914096798192,1.54999876760202,0.375277142807894,"oak"
"613",613,0,-1.39412942730182,0.483689199289829,1.28005966234281,"mixed"
"614",614,0,0.519473455780859,-1.55769839164744,-0.886144288346724,"pine"
"615",615,1,-0.520614298144144,1.45372821576084,0.689512976333145,"oak"
"616",616,0,-0.375751219638574,0.561111249252159,1.9212014823764,"oak"
"617",617,1,1.41430858512743,1.09916084504695,-1.94795374586377,"mixed"
"618",618,1,-0.57990421997313,0.601146770842106,0.76962885855042,"pine"
"619",619,0,-0.529457601106526,0.5711512840246,-0.298891292513893,"pine"
"620",620,1,-1.07043146528733,0.220301519079169,-2.15497722033492,"mixed"
"621",621,0,1.5462672057449,-0.61580796967175,-0.3836831051418,"pine"
"622",622,0,-1.25978387207936,-0.981341627770138,-0.255490779735188,"pine"
"623",623,1,-1.43930572189617,-0.622720426076124,-1.20370606914567,"pine"
"624",624,1,1.36477013519908,0.34646168046407,-0.25335463231618,"mixed"
"625",625,0,0.439435904774264,-0.453527932234459,1.32201572662246,"mixed?"
"626",626,0,1.51523635755144,-0.18543712231931,1.036592191454,"mixed"
"627",627,1,0.461944264633068,-0.539410519787091,-1.2683676846776,"mixed"
"628",628,0,1.68441916690453,-0.058042673039026,-0.857420737468194,"oak"
"629",629,1,-0.689669039629431,1.73715432363704,0.169637850723656,"oak"
"630",630,1,1.01393924443244,-0.829724647194513,-0.742119162331424,"pine"
"631",631,1,-1.71392259815632,-0.585382218839931,-2.47550124225259,"pine"
"632",632,0,-0.169243877165971,0.449636818397507,0.784740998584337,"oak"
"633",633,0,0.789004507515442,1.49053195346457,1.94050858945766,"mixed"
"634",634,1,0.13802691380336,1.3750654732674,-1.32820428423048,"oak"
"635",635,1,2.53313843993699,0.0968090794911524,-0.76273174261916,"oak"
"636",636,0,-0.140270003594156,-2.51025227562371,1.33504456287081,"mixed"
"637",637,1,0.0877750792029413,0.329623389934472,-1.36932818648886,"oak"
"638",638,0,-0.33248955316404,-2.32656947901468,0.254118582512855,"pine"
"639",639,1,-0.495818802590024,-2.27147674977305,-0.325513568813231,"mixed"
"640",640,0,-1.6763859353169,-0.764069243750467,0.614057418996092,"pine"
"641",641,1,0.725402884630667,-0.419754815034756,-0.0475199556245299,"pine"
"642",642,0,0.822309231623984,-0.625448863184603,0.80732267204622,"mixed"
"643",643,1,-0.536505086636552,0.685437469468841,-0.445494306024779,"pine"
"644",644,0,0.195516361183272,2.17858317651645,0.787810899737331,"pine"
"645",645,1,-1.67629089812112,-0.667732720758233,-0.997664535468975,"mixed"
"646",646,0,0.0495314086955215,-0.500868432219728,1.76792768571138,"pine"
"647",647,1,0.0134146891432027,0.472309050486355,0.0792762349667765,"mixed"
"648",648,0,0.842653029000407,-0.115457217824754,1.26459966579373,"Pine"
"649",649,1,1.01467605596435,-0.914850698679734,-0.662593790363483,"oak"
"650",650,0,-0.138112797430487,0.0193542298003603,0.617266672520941,"mixed"
"651",651,0,1.13912367485611,-0.181564816553805,0.661196989963943,"oak"
"652",652,0,0.691675350451305,-1.37159822973661,-0.150671889555578,"pine"
"653",653,0,3.41709253823947,-1.0244902833842,0.55229148168877,"pine"
"654",654,0,0.370240973736998,-0.229456924070567,0.505687378264934,"pine"
"655",655,1,-0.687639163710606,0.694076523139376,-0.0434142149511788,"oak"
"656",656,1,-0.352015380340485,2.49235483077881,0.625761027970957,"mixed"
"657",657,1,-1.07384438966329,0.336445074831096,-0.484230821053194,"oak"
"658",658,1,-1.26031121361995,1.24279927332067,-0.464668439656015,"oak"
"659",659,1,-0.441719539287416,-0.90533895330682,-1.71355766535199,"mixed"
"660",660,1,0.0543929151896472,0.717912189287597,0.419568258615606,"pine"
"661",661,1,1.32028232458915,-1.82065179876446,-1.28546912522413,"oak"
"662",662,0,1.20261724333884,0.738558144993025,1.79083126006657,"oak"
"663",663,1,0.240866643267163,-0.446886398383803,-1.86697113715717,"oak"
"664",664,1,-0.581060528424439,0.534944542687629,-0.4912829828462,"mixed?"
"665",665,0,-0.397363688018722,1.53355231323159,0.860253556337104,"oak"
"666",666,1,-1.10374151381121,1.28190097813634,-0.113722396545917,"pine"
"667",667,1,0.236958322444445,0.523543895220452,-0.728764239346484,"mixed?"
"668",668,1,-1.27222845600932,1.31034394095258,0.0572564937237349,"oka"
"669",669,0,1.01967083401126,0.373079970777431,0.748387208573841,"oak"
"670",670,1,-1.5938927393539,0.737405307848328,-2.25700247738083,"oak"
"671",671,0,0.404919930788682,0.0241895189768713,-0.175505404368342,"mixed"
"672",672,1,-0.00348133473048499,-1.12420775481902,-0.26397848318323,"pine"
"673",673,0,-0.491215337747448,0.278889845144464,1.17179932023453,"pine"
"674",674,1,0.854882649943914,1.18019320904829,1.02830209140617,"oak"
"675",675,1,2.24217014706292,0.109375148328782,0.230405179971796,"mixed"
"676",676,1,1.29940693316291,-0.067640789937825,-0.774603594810891,"oka"
"677",677,0,-0.820366656627357,-0.519124316493467,0.718748851813621,"oak"
"678",678,0,-1.05130088371986,-0.0289365033122505,0.926235287723337,"mixed"
"679",679,1,0.223108263244799,1.60090900790794,0.0325129843536494,"oak"
"680",680,1,-0.368079234651439,-0.842535334700581,1.17988760738617,"mixed"
"681",681,1,0.0249564276180578,-0.70275031684546,-0.738253329446539,"mixed"
"682",682,1,-1.59783987330203,0.48627010461409,-0.00861098543584313,"mixed"
"683",683,1,0.345225671412898,0.412533263774017,-0.6360226836317,"oak"
"684",684,1,1.45003434981223,1.81460585183092,-0.224164786531156,"mixed"
"685",685,0,-0.252160585691904,0.124172958776088,0.214509159428108,"oak"
"686",686,1,-1.89921518926423,0.908347940828704,-1.01717816626263,"oak"
"687",687,0,0.0139671785555433,-1.42978101938217,1.97831557482695,"pine"
"688",688,1,-0.323666884126649,0.244227197993706,0.327224451055946,"oak"
"689",689,0,-0.0316505250983674,-1.45134390513831,-0.505275037871772,"pine"
"690",690,0,-0.152173737589724,-1.6244240072003,0.502191434262951,"pine"
"691",691,0,1.83860259464372,-0.483184765860976,0.293018499924559,"mixed"
"692",692,0,-0.329384440613248,-0.0773666186985279,-0.0389369778700322,"oak"
"693",693,1,0.822572872146841,1.39139473977388,-2.90182428078276,"pine"
"694",694,0,1.33370662538354,-1.28647485149973,1.00182642218445,"oak"
"695",695,0,-1.43254063622506,0.397310900324672,1.99529641033396,"mixed"
"696",696,0,0.403132275950677,-1.34818525984586,-1.09864366493132,"pine"
"697",697,0,0.0139730588226237,0.181982706141439,-0.0396706797364934,"mixed"
"698",698,0,-1.19903032384247,-3.36770069123497,1.56364849571827,"oak"
"699",699,1,0.745181939444481,0.193404551040511,-0.486778172023927,"mixed"
"700",700,0,1.49133839979905,-1.86357795557769,-1.2772842989702,"pine"
"701",701,1,0.806219433702466,0.741723921171,0.242231527519752,"oak"
"702",702,1,-0.82399462977683,0.481494431138052,-0.826330340882653,"mixed"
"703",703,0,1.50797209443463,-0.412315976884284,-0.187603700052889,"pine"
"704",704,1,1.02034571853496,0.43160620439191,-2.19174623362855,"oak"
"705",705,1,0.619417876620228,2.69033605149624,1.24901494128143,"mixed"
"706",706,1,-2.04657358607869,1.2628765790346,-0.909327215830346,"mixed"
"707",707,1,-0.800176405820202,-0.656067355703121,-1.91612839955102,"mixed"
"708",708,0,-0.0208042869007336,-1.06383013735512,-0.231121766113368,"pine"
"709",709,1,-0.57634654313248,-0.631647969073345,-1.25880881108833,"mixed"
"710",710,0,-1.13453677444637,-1.56511298098357,0.10294051494005,"mixed"
"711",711,0,0.88642982108763,-1.90859339595414,0.09292572446715,"mixed"
"712",712,1,0.0402544474164695,0.383349409002931,0.0381474148945662,"mixed"
"713",713,0,-2.04054603285725,-1.63126715750129,1.90206773822972,"oak"
"714",714,0,0.39007644554882,-1.02655519092328,0.099465001929781,"mixed"
"715",715,1,0.531951832620922,1.52070285013151,0.71904443133347,"mixed"
"716",716,0,0.635366123567766,-0.732670471132384,-0.0739052641313766,"mixed"
"717",717,1,-0.137674262447655,-0.197373091638684,-0.252851867917679,"pine"
"718",718,0,0.191251519645724,-0.334465090903096,-1.10215869347318,"mixed"
"719",719,1,-0.312872312622932,-0.245455921818011,-0.887913639595412,"oak"
"720",720,0,0.346129634355797,0.604004348992261,0.864113229127441,"oka"
"721",721,0,-1.99898392418183,-1.95948035748662,-0.391331176152173,"pine"
"722",722,0,-1.040075764034,-0.467089928735449,0.597140126169431,"mixed"
"723",723,0,0.552659771636303,-0.763229850873787,1.17665376081048,"pine"
"724",724,0,-1.51447889648592,0.794273610416585,0.830733678409029,"pine"
"725",725,1,0.381167598463005,-0.614119713606202,0.329393531209468,"mixed"
"726",726,1,-1.18194485261246,-0.4479978875973,1.03257817339921,"oak"
"727",727,0,-0.29916589227177,-0.803412757733726,-0.501734399892753,"pine"
"728",728,0,-0.736534283028652,-2.06610768813245,0.24443292725504,"pine"
"729",729,1,-1.04221284264647,0.230424550804347,-0.373009211578854,"pine"
"730",730,1,-0.170052493250021,0.190090471590135,0.394703185205581,"oak"
"731",731,0,0.174720942636001,0.892570774096691,1.96852675516278,"pine"
"732",732,1,-1.438800008079,-1.49348031144594,-0.190869062352452,"mixed"
"733",733,1,0.802282651850175,-0.0821873647346964,-0.417086552556315,"mixed"
"734",734,0,-1.23080443684926,-0.594246396817982,-1.47837597115942,"pine"
"735",735,0,-0.525715551545371,-0.932620360010037,-0.159278965589336,"oak"
"736",736,0,-1.02390220992988,-1.3420136778802,-0.531090864874606,"oak"
"737",737,1,0.903705307632319,0.537959566651576,-1.38930606805466,"oak"
"738",738,1,-1.31481402431703,0.0310298647925852,-1.88634303304682,"Pine"
"739",739,1,-1.61962256488521,1.36821117391987,-1.53498852656241,"pine"
"740",740,1,0.777629136441883,0.806254426659349,-0.687436366900036,"oak"
"741",741,0,-0.371650714583407,1.21859111066965,1.54703022455976,"oak"
"742",742,1,2.31774416909245,0.551287093404876,0.0568552833669653,"pine"
"743",743,1,0.385191607724552,0.442647287947304,0.00300368753041294,"oak"
"744",744,1,-0.199102562073506,0.0353339525777279,-1.43791728624947,"pine"
"745",745,1,-0.117675770323506,0.16434058979912,0.95032948515923,"pine"
"746",746,1,0.44531965355643,-0.828346980813891,-2.60790151107053,"pine"
"747",747,1,-1.00932899724851,2.08789883916861,0.870324594746469,"oak"
"748",748,1,0.597630376771237,0.540250591842878,-1.39565226807441,"oak"
"749",749,1,0.472715242018375,1.11006308127713,0.744182850049254,"mixed"
"750",750,1,0.000379579754648277,0.443773212623349,-0.799188327696996,"pine"
"751",751,0,1.11993064044898,-1.83780320807616,0.574513531496383,"mixed"
"752",752,0,-1.395857079621,-2.80965218035675,0.222500415919843,"pine"
"753",753,1,-0.723459020657547,0.55122770001412,-1.97901779907821,"oak"
"754",754,0,-0.462663253609226,0.701373654116126,3.19790160706295,"oak"
"755",755,1,0.978823611029142,-1.08774068772632,-1.22056297897668,"pine"
"756",756,0,1.58659622491473,-0.668111924774385,0.72839060231926,"mixed"
"757",757,0,1.44714813970359,0.407408944981512,0.934355986318282,"mixed"
"758",758,0,-1.01099092750196,-0.5884719041578,-0.33052108976199,"mixed"
"759",759,1,2.16317124117618,-0.0656954412590785,-0.454547474604758,"pine"
"760",760,0,0.346079856629382,0.179982869183776,-0.67568462259465,"pine"
"761",761,0,0.788524342523508,0.0432883823853209,0.219915701684214,"pine"
"762",762,1,-0.884142408230613,1.31761123700381,0.0162425933620979,"oak"
"763",763,1,0.606278137587732,0.750105187249092,-0.109191425094641,"mixed"
"764",764,0,-0.144448998321628,-1.09071595712725,0.335205728383208,"pine"
"765",765,0,-2.19691554680297,-0.418864131567364,-1.36122994969538,"pine"
"766",766,0,0.901356980946672,-0.525406597382397,-0.129327261736356,"pine"
"767",767,1,1.37553138267724,0.623589127358476,-0.254675483152595,"mixed"
"768",768,1,-0.587195567247029,0.538607848012492,-0.0896449293995801,"pine"
"769",769,0,-1.22368904248631,-2.31172390188263,0.446240055075051,"pine"
"770",770,1,0.196632405897842,-0.255642156757554,-0.159233495416746,"mixed"
"771",771,1,-1.18046102893357,0.769843476431547,-0.618992556710469,"pine"
"772",772,0,-0.656706397036275,0.0604609082325607,0.771374532477881,"pine"
"773",773,0,-0.315382015205329,-1.37669974662372,0.899889872190404,"pine"
"774",774,1,2.63173789090132,-0.892684155487597,-0.64127915566845,"mixed"
"775",775,1,0.531854391274456,-0.450798562405,0.513500564427092,"pine"
"776",776,1,-0.578379050426942,0.121045590397327,-0.423719394872337,"mixed"
"777",777,0,0.979221582225604,-0.124950254860793,1.75045467527543,"oak"
"778",778,1,0.638933944842694,-0.606892521559232,0.705445483265597,"oak"
"779",779,1,2.02892713240445,0.295525024382642,-0.465936385058333,"mixed"
"780",780,0,0.735792100275902,-1.03054645111917,0.362171943714649,"mixed"
"781",781,1,-0.0724318238234321,1.10274325777701,-1.44115430624463,"mixed"
"782",782,0,-0.283042442872808,-0.239121284352226,0.264274261390884,"pine"
"783",783,0,0.047546061196713,-0.756870224946631,1.89422198863175,"mixed"
"784",784,1,0.518858174731981,1.85894455366751,0.813400680704329,"oak"
"785",785,0,1.17954409855547,0.244897618507797,1.57979723136172,"pine"
"786",786,1,-0.29210481124079,0.432854048680915,0.185705167336836,"pine"
"787",787,1,-0.791565410357962,-0.680935571242989,-2.19781062759684,"pine"
"788",788,1,-0.125274802728155,0.877420281935576,-0.599503113728541,"pine"
"789",789,1,0.439511079719395,1.51534555054518,-0.431940151605253,"oak"
"790",790,0,1.02790770095429,-0.678193282866585,0.787022025863843,"pine"
"791",791,0,-0.252366932105835,-0.278780195093526,0.488899880515306,"pine"
"792",792,1,0.0228919985165533,0.195207836988715,-0.072473291137692,"pine"
"793",793,1,-0.76602931412223,-0.384940890848607,-1.28192514306974,"mixed"
"794",794,0,0.48065144007239,-0.386974981526619,-0.0913859265037765,"pine"
"795",795,0,-1.43115396965882,0.172827824688637,2.29236412543872,"oak"
"796",796,0,-0.594117218087497,0.464525511557549,0.472085939284211,"mixed"
"797",797,1,-1.08956587939962,0.0288057761080896,-1.27440899526136,"pine"
"798",798,1,2.0600244372022,-1.10069040796622,-0.510763151849295,"mixed"
"799",799,0,-1.51020253487131,-0.216087522049876,0.247056170901876,"pine"
"800",800,1,-0.438594447211519,-0.866302847915509,-0.225561530141001,"mixed"
"801",801,1,1.01644133980071,0.22589530871429,-0.804347982394534,"pine"
"802",802,1,-1.41552803037003,-1.23802025606558,-1.47744528659614,"pine"
"803",803,1,0.86175599589651,-0.88405300082673,-1.56746689815656,"mixed"
"804",804,1,-0.776127473730888,1.73246895470205,0.284366445852716,"mixed"
"805",805,0,-1.30016021978569,-0.319512966356854,0.589597992115768,"mixed"
"806",806,1,-0.401051678042268,0.225254607689051,0.1352317436269,"mixed"
"807",807,0,0.260112814511983,1.16227598625073,0.593179101758233,"pine"
"808",808,0,-0.180012883802004,-2.0475181405241,1.55280840982011,"oak"
"809",809,0,-0.627165544136614,-0.82989811762202,-0.83335330359591,"oak"
"810",810,1,-1.55696360828437,0.502421640787012,-0.849361170372834,"mixed"
"811",811,1,1.1516523789801,0.905949204415665,-0.363712161998564,"pine"
"812",812,0,-0.699213042330193,-0.801963210779245,-1.01975447106576,"mixed"
"813",813,0,1.99201426056402,-0.00997843064563468,1.21640091332414,"pine"
"814",814,0,0.310605192191682,-0.320486099396306,1.64891046608382,"oak"
"815",815,0,0.436459550799704,-1.03314838193339,-0.454050956085972,"oka"
"816",816,0,2.42717358320297,1.13695855092488,0.0591803392320611,"oak"
"817",817,1,0.301064486305401,1.77081713530552,-0.926245802829619,"pine"
"818",818,1,-1.12968509349809,-1.34489349306805,0.18125243815118,"mixed"
"819",819,0,-1.17258898417368,-1.90870880900839,0.216482766942274,"oak"
"820",820,1,1.44927936863259,-1.30315443002703,-1.27250863564448,"mixed"
"821",821,1,0.309954347904172,-0.447515092856311,0.369989796922518,"pine"
"822",822,0,-0.878318313481511,-1.00099818221413,1.30154599060238,"oak"
"823",823,1,0.556061890338816,-0.651042152587481,-0.409854053314854,"mixed"
"824",824,1,-1.15088146052173,-0.0283890383957517,-0.634281500798996,"mixed"
"825",825,0,0.400818844396653,-0.474562195516068,1.73769431381649,"mixed"
"826",826,1,-0.306684543552697,-0.383773502070028,-0.244637985926541,"mixed"
"827",827,1,0.122843650466544,0.847421780340558,-0.20843720696078,"mixed"
"828",828,1,-0.382302911473503,1.20213654501364,1.84754129985433,"oak"
"829",829,1,0.0567727026679037,0.37794235829207,0.781483326241256,"oak"
"830",830,0,0.685280498450521,0.229825374315234,1.05829458271368,"oak"
"831",831,0,0.880530898787996,0.141526205779667,-0.278530352617836,"oak"
"832",832,1,0.94989455985523,1.18192803268384,0.0890634400797212,"oak"
"833",833,1,0.86911426582542,0.171518112484069,1.50370594464255,"pine"
"834",834,0,0.551158883365908,-0.465595908207683,0.362715955871942,"pine"
"835",835,0,-0.503832769234198,-0.623711691878182,0.780760674371811,"mixed"
"836",836,0,-0.197371959321249,-0.730886255235553,0.628471342540853,"pine"
"837",837,1,0.257271628734331,-0.923421562091453,-0.744680108841281,"pine"
"838",838,1,-2.25324262269745,0.67833636032284,1.11559078909124,"oka"
"839",839,1,-0.583780245244285,-0.531962294676448,-0.0207295038732454,"pine"
"840",840,1,0.506268620117869,0.411337176513578,-1.26853689335899,"mixed"
"841",841,0,0.0708772967697967,-0.229041100402466,1.41896496588837,"oak"
"842",842,1,0.103169044036461,-1.122009134369,-0.445650878674202,"pine"
"843",843,0,-0.426073695700277,-1.56253834247592,1.24853194976325,"mixed"
"844",844,1,0.585178963399985,-0.753354762933393,-0.0911649086474916,"pine"
"845",845,1,-0.761562482852134,0.60950672987812,-0.83746023122363,"mixed"
"846",846,0,0.430080804345488,1.24721561560322,1.55633178900172,"oak"
"847",847,0,0.424046498942805,0.534060919584559,0.537407132395032,"mixed"
"848",848,1,-0.206509670478293,-0.196188875907694,-1.72999787128736,"mixed"
"849",849,1,-1.24571369060248,-0.0508051821859372,0.409773485858967,"pine"
"850",850,1,-0.852192534870426,0.935541039617696,-0.940849901823171,"pine"
"851",851,1,-1.26279576184173,-0.111635863348053,0.631230301996304,"pine"
"852",852,1,0.00551829197810267,-0.390720294357898,0.908672940588087,"mixed"
"853",853,1,1.83827016945098,0.436668037355325,-0.244192225550863,"oak"
"854",854,0,-1.37140880270492,-0.732017975645733,0.68741562863704,"mixed"
"855",855,1,-0.0756013919814148,0.0213657818402825,-1.01484706514725,"mixed"
"856",856,1,0.310329838761433,1.18586942299866,0.781154035786368,"oak"
"857",857,1,0.00784442955130752,2.78914385864861,-0.320108922144709,"mixed"
"858",858,0,-0.564269600647477,-1.00417819400881,0.920807433999611,"mixed?"
"859",859,0,-0.447796296811967,-0.756815472352161,1.172371023849,"pine"
"860",860,0,0.848892099602654,-0.837159723324589,1.35997868426568,"oak"
"861",861,1,0.484266647851733,0.839059756690096,-0.739227363099418,"oak"
"862",862,0,1.19955045204514,-0.877158296507419,3.58727988435588,"oak"
"863",863,1,0.270943083583467,1.51398130902251,-0.789757100968156,"pine"
"864",864,1,-1.04782687315295,1.5005203073588,-0.173196041313195,"mixed"
"865",865,1,0.096460086807807,-0.921116154253713,0.349023815889614,"mixed"
"866",866,0,-1.69499337725824,-0.0440394403809662,-0.514445456706013,"pine"
"867",867,1,-0.0271272948742707,-0.395536708341347,-0.483411893789084,"mixed"
"868",868,0,-0.496841570366296,-0.808034308463861,-0.19679263141983,"oak"
"869",869,0,0.0196356981476354,-1.63327945942069,-0.442901793049131,"pine"
"870",870,0,1.67835789927873,-2.09756481363978,0.0199399392199242,"oak"
"871",871,1,-0.065913588926642,-0.342726276653179,-0.201361009286056,"oak"
"872",872,0,0.41840650868009,-1.33072086509902,-0.617325424464283,"mixed"
"873",873,0,0.481002292917,-2.04489370160847,-1.3335976320155,"oak"
"874",874,1,0.158283851574181,0.746768399801749,-0.133645706558189,"mixed"
"875",875,1,-0.981451481656498,2.08624222070447,0.529450211493816,"pine"
"876",876,0,-2.22073297677902,0.218127206761482,1.11681973364981,"mixed"
"877",877,1,-0.669643865134425,0.476954730180689,-1.07448509642575,"mixed"
"878",878,1,-1.2610283532376,0.449989732271232,-1.5737558500229,"pine"
"879",879,1,-2.73561706674413,-0.344518644630109,-0.432185510638968,"pine"
"880",880,0,-0.0405249726649785,-2.57672496439096,-0.556813876652591,"pine"
"881",881,0,-0.141345689413576,0.0444917522210478,1.0875565628509,"oka"
"882",882,0,-0.567578439428298,0.287898515459004,-0.820048589469044,"oak"
"883",883,0,0.40718466359236,-0.102484585647351,-0.0468614422151205,"oak"
"884",884,1,-0.798108131628882,1.65840821614891,-0.0729346289887743,"pine"
"885",885,1,1.92569172541583,-0.908385890512709,-0.257648137375772,"mixed"
"886",886,1,-1.08388679388113,0.232356682299225,-2.01627119954109,"pine"
"887",887,1,-0.621468367011784,-0.151177750722697,0.299045018404973,"pine"
"888",888,1,-0.372627746003239,1.1356296412759,0.288877185198315,"pine"
"889",889,1,-0.195053856325102,1.52481419220401,-1.74831222106695,"mixed"
"890",890,1,1.33557204286897,-0.715690882144269,-1.89328806127958,"oak"
"891",891,0,-0.235429739541975,-1.50140560437792,-0.704679471856763,"oak"
"892",892,0,-1.18555786179553,-2.26698045123652,0.983805623507817,"pine"
"893",893,1,0.187464479190061,-1.28301390205475,-1.53217745140776,"oak"
"894",894,1,-0.105262013998797,1.08884740402955,0.130499429672384,"pine"
"895",895,1,0.528670121122599,1.31184859239554,-0.14996853626068,"oak"
"896",896,1,-0.909233991799392,1.78211907124091,-0.694572300690992,"pine"
"897",897,1,0.471135010305237,0.419792916788841,-1.21579221889988,"mixed"
"898",898,0,1.69193231696482,-0.271969283992081,2.28910841002736,"oak"
"899",899,1,0.305311691624255,0.103479532086733,-0.326364000798927,"oak"
"900",900,0,-0.339035494018248,0.352064757667632,0.905524884246536,"oak"
"901",901,0,-0.620112166614878,-0.562115942659661,0.873188953208581,"oak"
"902",902,1,1.09238503528413,-1.39288795667829,-0.656362917596949,"oak"
"903",903,0,1.51628011255513,-1.4260048485979,1.71329585245898,"pine"
"904",904,1,2.61385183101987,1.52349074986904,-0.116372338691665,"pine"
"905",905,0,0.0888074576936927,-1.08494200132191,1.24036716501071,"pine"
"906",906,0,0.746892597363571,-0.00904969671393792,0.384370491464112,"mixed"
"907",907,0,0.417049817690196,-1.11771066710713,-1.51035074333949,"mixed"
"908",908,1,0.760867716177433,1.38763589227662,-0.316732009228547,"mixed"
"909",909,1,-0.999028719415923,2.51851372967496,-0.596481014211775,"oak"
"910",910,1,-1.6455099729254,0.700646288453136,0.126345411264762,"oak"
"911",911,0,-0.43814916300776,-0.630313800246643,1.15006008498852,"pine"
"912",912,0,-0.104123378111445,-1.44479973286883,1.15263431263888,"Pine"
"913",913,1,-0.558201548547227,1.2306455406231,-0.0274602268372952,"oak"
"914",914,1,0.176458909038179,-0.474049797771993,0.128508303534019,"oak"
"915",915,1,0.351200020779542,0.735267302060552,0.410543673883881,"pine"
"916",916,0,0.22336569285112,-0.343898525502532,0.0108870883859418,"pine"
"917",917,0,0.254271688877147,1.3426693206383,0.57477750445235,"mixed"
"918",918,1,-1.61253568145207,0.849722816120049,-0.369832690230044,"Pine"
"919",919,0,-2.20748083817742,-0.804924248620388,0.0675828041314128,"oak"
"920",920,1,-0.116411178336205,2.59466700785536,0.547442090240992,"oak"
"921",921,1,-0.989338871681714,1.77527414407185,-0.0907116382881827,"oak"
"922",922,1,-1.09980664848979,0.311146808828797,-0.0548122088497373,"mixed"
"923",923,1,-0.449894106532764,0.104733882797488,-1.30531523110683,"oak"
"924",924,0,-0.461486310050793,-0.332721514925381,0.617579305292192,"oak"
"925",925,1,-0.622186767284667,1.28301399207536,0.255336072660317,"mixed"
"926",926,1,0.726097700350754,2.52404329906211,-1.31656353320946,"pine"
"927",927,1,-0.304603249860393,0.198841317356521,-0.0519207717046394,"oak"
"928",928,1,0.574280240845545,1.0371037971455,0.492684760313633,"pine"
"929",929,1,-0.891749818597183,-1.36614129076347,-0.405969503533985,"pine"
"930",930,1,1.77798312428763,-0.235858857242394,-1.17716135358305,"pine"
"931",931,1,-0.225864683630153,-0.0739480599320284,-1.39429820396668,"pine"
"932",932,0,0.470951350200756,-0.401873776422737,1.40946471662449,"oak"
"933",933,0,-1.10911497193158,-1.88176820410775,1.10030236130202,"mixed"
"934",934,0,0.619198952275513,-1.37067888017545,1.64465290806811,"pine"
"935",935,1,0.292738002414685,-0.404255816053172,-0.61850773922838,"mixed"
"936",936,1,0.336341916364753,-0.464599815966304,-1.48595730780343,"pine"
"937",937,0,-0.633649064244215,-0.467392742433785,1.17205298022128,"pine"
"938",938,0,0.0011388141807689,1.25974955343796,1.97531015892058,"pine"
"939",939,1,0.890036930853893,-0.928875795271564,0.341936336058386,"oka"
"940",940,0,-0.831940540298282,-0.798971635255579,0.771905735264954,"oak"
"941",941,0,0.804594059830703,-0.562918390826414,0.886914288399866,"pine"
"942",942,1,-0.0369125830594243,-1.36388227004032,-1.69063729675927,"oak"
"943",943,0,-0.617684509052796,0.191955478762716,0.582190421585013,"pine"
"944",944,1,-0.663564226683585,0.0540704892849927,-0.98393795028037,"mixed"
"945",945,1,-1.62029058257204,0.466300788349124,-0.0912982953544639,"pine"
"946",946,1,-0.390910005610901,1.86447285644704,0.845202396699435,"oak"
"947",947,0,0.95198795646253,-0.453698367237468,0.229793283304443,"pine"
"948",948,0,-1.71647803399184,-1.1465813292269,-1.07825751690923,"pine"
"949",949,1,-1.13016775646815,-0.110249222841196,-0.255771210914335,"oak"
"950",950,1,1.6919898245135,1.52084582517347,-0.496538538231261,"oak"
"951",951,1,0.387479695879619,0.30916605139386,-0.718840747924924,"oak"
"952",952,0,0.722467399232682,0.0979148170086747,2.1489312973962,"oak"
"953",953,1,-2.27695276187507,-0.0774705351587826,-2.68947804026153,"mixed"
"954",954,1,-1.02994320203599,-0.7139575968044,-1.38114976493665,"oak"
"955",955,0,1.95068731716145,-1.06271059753464,0.530511541524198,"pine"
"956",956,0,-0.645990732583948,-0.286098842205012,0.524128399850354,"mixed"
"957",957,1,0.819526193092591,-1.21514847380372,-0.466318601169187,"mixed"
"958",958,1,-0.513619157363747,0.463778810988964,-0.207335058084583,"mixed"
"959",959,1,0.492862223976347,-0.453658674718097,-0.238970032010444,"oak"
"960",960,1,-0.650217476927441,-0.898293744934009,-1.71801102237959,"pine"
"961",961,1,-1.48805678646053,1.76901017762782,0.584660261640067,"oak"
"962",962,1,-0.482768383140524,-0.0979434355765717,-0.322576827634895,"pine"
